r,chord,twist,airfoil_index
1.5,3.542,-13.308,0
2.86670,3.542,-13.308,0
5.6,3.854,-13.308,0
8.33330,4.167,-13.308,1
11.75,4.557,-13.308,2
15.85,4.652,-11.48,3
19.95,4.458,-10.162,3
24.05,4.249,-9.011,4
28.15,4.007,-7.795,5
32.25,3.748,-6.544,5
36.35,3.502,-5.361,6
40.45,3.256,-4.188,6
44.55,3.010,-3.125,7
48.65,2.764,-2.319,7
52.75,2.518,-1.526,7
56.1667,2.313,-0.863,7
58.90,2.086,-0.370,7
61.6333,1.419,-0.106,7
63.0,0.7095,-0.053,7
